coordinatingCouncil,stakeOrDistrict,state,city,unitName,members,participating,participationRate,date
Maryland Baltimore,Baltimore Maryland Stake,Maryland,Alameda,Alameda Branch (Spanish),103,12,0.11650485436893204,2025-07-01
Maryland Baltimore,Baltimore Maryland Stake,Maryland,Baltimore,Baltimore YSA Ward,5,2,0.4,2025-07-01
Maryland Baltimore,Baltimore Maryland Stake,Maryland,Bynum,Bynum Run Ward,,,,2025-07-01
Maryland Baltimore,Baltimore Maryland Stake,Maryland,Chesapeake,Chesapeake Ward,273,43,0.1575091575091575,2025-07-01
Maryland Baltimore,Baltimore Maryland Stake,Maryland,Inner Harbor,Inner Harbor Ward,181,41,0.2265193370165746,2025-07-01
Maryland Baltimore,Baltimore Maryland Stake,Maryland,Jones Falls,Jones Falls Ward,128,19,0.1484375,2025-07-01
Maryland Baltimore,Baltimore Maryland Stake,Maryland,Susquehanna,Susquehanna Ward,155,23,0.14838709677419354,2025-07-01
Maryland Baltimore,Baltimore Maryland Stake,Maryland,Winters Run,Winters Run Ward,167,11,0.0658682634730539,2025-07-01
Maryland Baltimore,Columbia Maryland Stake,Maryland,Clarksville,Clarksville Ward,47,7,0.14893617021276595,2025-07-01
Maryland Baltimore,Columbia Maryland Stake,Maryland,Columbia,Columbia 1st Ward,51,8,0.1568627450980392,2025-07-01
Maryland Baltimore,Columbia Maryland Stake,Maryland,Columbia,Columbia 2nd Ward,104,21,0.20192307692307693,2025-07-01
Maryland Baltimore,Columbia Maryland Stake,Maryland,Eldersburg,Eldersburg Branch,21,5,0.23809523809523808,2025-07-01
Maryland Baltimore,Columbia Maryland Stake,Maryland,Ellicott City,Ellicott City Ward,123,20,0.16260162601626016,2025-07-01
Maryland Baltimore,Columbia Maryland Stake,Maryland,Owings Mills,Owings Mills Branch,41,9,0.21951219512195122,2025-07-01
Maryland Baltimore,Columbia Maryland Stake,Maryland,Patapsco,Patapsco Branch (Spanish),15,5,0.3333333333333333,2025-07-01
Maryland Baltimore,Columbia Maryland Stake,Maryland,Randallstown,Randallstown Branch,68,16,0.23529411764705882,2025-07-01
Maryland Baltimore,Columbia Maryland Stake,Maryland,Savage Mill,Savage Mill Ward,48,7,0.14583333333333334,2025-07-01
Maryland Baltimore,Columbia Maryland Stake,Maryland,Sykesville,Sykesville Branch,30,6,0.2,2025-07-01
Maryland Baltimore,Frederick Maryland Stake,Maryland,Brunswick,Brunswick Ward,63,17,0.2698412698412698,2025-07-01
Maryland Baltimore,Frederick Maryland Stake,Maryland,Catoctin,Catoctin Ward,52,12,0.23076923076923078,2025-07-01
Maryland Baltimore,Frederick Maryland Stake,Maryland,Damascus,Damascus Ward,47,10,0.2127659574468085,2025-07-01
Maryland Baltimore,Frederick Maryland Stake,Maryland,Frederick,Frederick 1st Ward,157,22,0.14012738853503184,2025-07-01
Maryland Baltimore,Frederick Maryland Stake,Maryland,Frederick,Frederick 2nd Ward (Spanish),44,6,0.13636363636363635,2025-07-01
Maryland Baltimore,Frederick Maryland Stake,Maryland,Monocacy,Monocacy Ward,56,12,0.21428571428571427,2025-07-01
Maryland Baltimore,Frederick Maryland Stake,Maryland,Mount Airy,Mount Airy Ward,50,15,0.3,2025-07-01
Maryland Baltimore,Frederick Maryland Stake,Maryland,Walkerville,Walkersville Ward,58,18,0.3103448275862069,2025-07-01
Maryland Baltimore,Frederick Maryland Stake,Maryland,Woodbine,Woodbine Ward,36,12,0.3333333333333333,2025-07-01
Maryland Baltimore,Gettysburg Pennsylvania Stake,Pennsylvania,Carlisle,Carlisle Ward,80,20,0.25,2025-07-01
Maryland Baltimore,Gettysburg Pennsylvania Stake,Pennsylvania,Fairview,Fairview Ward,120,29,0.24166666666666667,2025-07-01
Maryland Baltimore,Gettysburg Pennsylvania Stake,Pennsylvania,Gettysburg,Gettysburg Ward,108,19,0.17592592592592593,2025-07-01
Maryland Baltimore,Gettysburg Pennsylvania Stake,Pennsylvania,Hampstead,Hampstead Ward,63,8,0.12698412698412698,2025-07-01
Maryland Baltimore,Gettysburg Pennsylvania Stake,Pennsylvania,Hanover,Hanover Ward,88,21,0.23863636363636365,2025-07-01
Maryland Baltimore,Gettysburg Pennsylvania Stake,Pennsylvania,Westminster,Westminster Ward,125,13,0.104,2025-07-01
Maryland Baltimore,Hagerstown Maryland Stake,Maryland,Beaver Creek,Beaver Creek Ward,129,24,0.18604651162790697,2025-07-01
Maryland Baltimore,Hagerstown Maryland Stake,Maryland,Chambersburg,Chambersburg 1st Ward,126,29,0.23015873015873015,2025-07-01
Maryland Baltimore,Hagerstown Maryland Stake,Maryland,Chambersburg,Chambersburg 2nd Ward,111,13,0.11711711711711711,2025-07-01
Maryland Baltimore,Hagerstown Maryland Stake,Maryland,City Park,City Park Ward,164,19,0.11585365853658537,2025-07-01
Maryland Baltimore,Hagerstown Maryland Stake,Maryland,Cumberland,Cumberland Ward,168,36,0.21428571428571427,2025-07-01
Maryland Baltimore,Hagerstown Maryland Stake,Maryland,Hagerstown,Hagerstown Branch (Spanish),17,8,0.47058823529411764,2025-07-01
Maryland Baltimore,Hagerstown Maryland Stake,Maryland,Hancock,Hancock Ward,126,22,0.1746031746031746,2025-07-01
Maryland Baltimore,Hagerstown Maryland Stake,Maryland,Keyser,Keyser Branch,69,10,0.14492753623188406,2025-07-01
Maryland Baltimore,Hagerstown Maryland Stake,Maryland,McConnellsburg,McConnellsburg Branch,,,,2025-07-01
Maryland Baltimore,Lancaster Pennsylvania Stake,Pennsylvania,Elizabethtown,Elizabethtown Ward,99,18,0.18181818181818182,2025-07-01
Maryland Baltimore,Lancaster Pennsylvania Stake,Pennsylvania,Ephrata,Ephrata Ward,,,,2025-07-01
Maryland Baltimore,Lancaster Pennsylvania Stake,Pennsylvania,Lancaster,King Street Branch (Spanish),34,5,0.14705882352941177,2025-07-01
Maryland Baltimore,Lancaster Pennsylvania Stake,Pennsylvania,Lancaster,Lancaster Ward,152,27,0.17763157894736842,2025-07-01
Maryland Baltimore,Lancaster Pennsylvania Stake,Pennsylvania,Lititz,Lititz Ward,89,22,0.24719101123595505,2025-07-01
Maryland Baltimore,Lancaster Pennsylvania Stake,Pennsylvania,Lancaster,Queen Street Branch (Spanish),30,6,0.2,2025-07-01
Maryland Baltimore,Lancaster Pennsylvania Stake,Pennsylvania,Shrewsbury,Shrewsbury Ward,92,20,0.21739130434782608,2025-07-01
Maryland Baltimore,Lancaster Pennsylvania Stake,Pennsylvania,West York,West York Ward,113,24,0.21238938053097345,2025-07-01
Maryland Baltimore,Lancaster Pennsylvania Stake,Pennsylvania,York,York Ward,105,22,0.20952380952380953,2025-07-01
Maryland Baltimore,Martinsburg West Virginia Stake,West Virginia,Charles Town,Charles Town Ward,64,12,0.1875,2025-07-01
Maryland Baltimore,Martinsburg West Virginia Stake,West Virginia,Harpers Ferry,Harpers Ferry Ward,55,11,0.2,2025-07-01
Maryland Baltimore,Martinsburg West Virginia Stake,West Virginia,Hedgesville,Hedgesville Ward,109,13,0.11926605504587157,2025-07-01
Maryland Baltimore,Martinsburg West Virginia Stake,West Virginia,Inwood,Inwood Ward,110,12,0.10909090909090909,2025-07-01
Maryland Baltimore,Martinsburg West Virginia Stake,West Virginia,Martinsburg,Martinsburg Ward,156,25,0.16025641025641027,2025-07-01
Maryland Baltimore,Martinsburg West Virginia Stake,West Virginia,Shenandoah,Shenandoah River Ward,62,8,0.12903225806451613,2025-07-01
Maryland Baltimore,Winchester Virginia Stake,Virginia,Berryville,Berryville Ward,73,16,0.2191780821917808,2025-07-01
Maryland Baltimore,Winchester Virginia Stake,Virginia,Winchester,Blue Ridge YSA Branch,,,,2025-07-01
Maryland Baltimore,Winchester Virginia Stake,Virginia,Evendale,Evendale Branch (Spanish),19,9,0.47368421052631576,2025-07-01
Maryland Baltimore,Winchester Virginia Stake,Virginia,Front Royal,Front Royal Ward,76,20,0.2631578947368421,2025-07-01
Maryland Baltimore,Winchester Virginia Stake,Virginia,Luray,Luray Branch,36,5,0.1388888888888889,2025-07-01
Maryland Baltimore,Winchester Virginia Stake,Virginia,Petersburg,Petersburg Ward,107,6,0.056074766355140186,2025-07-01
Maryland Baltimore,Winchester Virginia Stake,Virginia,Romney,Romney Branch,53,14,0.2641509433962264,2025-07-01
Maryland Baltimore,Winchester Virginia Stake,Virginia,Shenandoah Valley,Shenandoah Valley Ward,77,20,0.2597402597402597,2025-07-01
Maryland Baltimore,Winchester Virginia Stake,Virginia,Winchester,Winchester Ward,135,33,0.24444444444444444,2025-07-01
Maryland Baltimore,Winchester Virginia Stake,Virginia,Woodstock,Woodstock Ward,80,28,0.35,2025-07-01
New Jersey Morristown,East Brunswick New Jersey Stake,New Jersey,East Brunswick,East Brunswick Ward,178,24,0.1348314606741573,2025-07-01
New Jersey Morristown,East Brunswick New Jersey Stake,New Jersey,Eatontown,Eatontown 1st Branch (Spanish),95,16,0.16842105263157894,2025-07-01
New Jersey Morristown,East Brunswick New Jersey Stake,New Jersey,Eatontown,Eatontown 2nd Ward,175,15,0.08571428571428572,2025-07-01
New Jersey Morristown,East Brunswick New Jersey Stake,New Jersey,Freehold,Freehold Ward,114,18,0.15789473684210525,2025-07-01
New Jersey Morristown,East Brunswick New Jersey Stake,New Jersey,New Brunswick,New Brunswick Ward (Spanish),121,21,0.17355371900826447,2025-07-01
New Jersey Morristown,East Brunswick New Jersey Stake,New Jersey,North Hanover,North Hanover Ward,119,12,0.10084033613445378,2025-07-01
New Jersey Morristown,East Brunswick New Jersey Stake,New Jersey,Princeton,Princeton 1st Ward,136,20,0.14705882352941177,2025-07-01
New Jersey Morristown,East Brunswick New Jersey Stake,New Jersey,Princeton,Princeton 2nd Ward,147,17,0.11564625850340136,2025-07-01
New Jersey Morristown,East Brunswick New Jersey Stake,New Jersey,Princeton,Princeton 3rd Branch (Spanish),151,38,0.25165562913907286,2025-07-01
New Jersey Morristown,East Brunswick New Jersey Stake,New Jersey,Stafford,Stafford Branch,59,12,0.2033898305084746,2025-07-01
New Jersey Morristown,East Brunswick New Jersey Stake,New Jersey,Toms River,Toms River 1st Ward,149,11,0.0738255033557047,2025-07-01
New Jersey Morristown,East Brunswick New Jersey Stake,New Jersey,Toms River,Toms River 2nd Branch (Spanish),55,14,0.2545454545454545,2025-07-01
New Jersey Morristown,Liberty Park New Jersey Stake,New Jersey,Bayonne,Bayonne 1st Branch,51,6,0.11764705882352941,2025-07-01
New Jersey Morristown,Liberty Park New Jersey Stake,New Jersey,Bayonne,Bayonne 2nd Branch (Spanish),15,5,0.3333333333333333,2025-07-01
New Jersey Morristown,Liberty Park New Jersey Stake,New Jersey,Ironbound,Ironbound Branch (Portuguese),9,3,0.3333333333333333,2025-07-01
New Jersey Morristown,Liberty Park New Jersey Stake,New Jersey,Jersey City,Jersey City 1st Ward (Spanish),128,20,0.15625,2025-07-01
New Jersey Morristown,Liberty Park New Jersey Stake,New Jersey,Jersey City,Jersey City 2nd Ward,293,13,0.04436860068259386,2025-07-01
New Jersey Morristown,Liberty Park New Jersey Stake,New Jersey,Newark,Newark Ward (Spanish),242,40,0.1652892561983471,2025-07-01
New Jersey Morristown,Liberty Park New Jersey Stake,New Jersey,Spring Garden,Spring Garden Branch,126,26,0.20634920634920634,2025-07-01
New Jersey Morristown,Liberty Park New Jersey Stake,New Jersey,Union City,Union City Ward (Spanish),144,33,0.22916666666666666,2025-07-01
New Jersey Morristown,Liberty Park New Jersey Stake,New Jersey,West New York,West New York Ward (Spanish),128,18,0.140625,2025-07-01
New Jersey Morristown,Morristown New Jersey Stake,New Jersey,Brnachburg,Branchburg Branch (Spanish),32,7,0.21875,2025-07-01
New Jersey Morristown,Morristown New Jersey Stake,New Jersey,Cedar Lake,Cedar Lake Ward,,,,2025-07-01
New Jersey Morristown,Morristown New Jersey Stake,New Jersey,Clinton,Clinton Ward,52,16,0.3076923076923077,2025-07-01
New Jersey Morristown,Morristown New Jersey Stake,New Jersey,Dover,Dover Ward (Spanish),99,14,0.1414141414141414,2025-07-01
New Jersey Morristown,Morristown New Jersey Stake,New Jersey,Hackettstown,Hackettstown Branch (Spanish),,,,2025-07-01
New Jersey Morristown,Morristown New Jersey Stake,New Jersey,Ledgewood,Ledgewood Ward,116,14,0.1206896551724138,2025-07-01
New Jersey Morristown,Morristown New Jersey Stake,New Jersey,Morristown,Morristown 1st Ward,64,16,0.25,2025-07-01
New Jersey Morristown,Morristown New Jersey Stake,New Jersey,Morristown,Morristown 2nd Branch (Spanish),16,4,0.25,2025-07-01
New Jersey Morristown,Morristown New Jersey Stake,New Jersey,North Branch,North Branch Ward,107,11,0.102803738317757,2025-07-01
New Jersey Morristown,Morristown New Jersey Stake,New Jersey,Sparta,Sparta Ward,157,12,0.07643312101910828,2025-07-01
New Jersey Morristown,Newburgh New York Stake,New York,Kingston,Kingston 1st Ward,169,21,0.1242603550295858,2025-07-01
New Jersey Morristown,Newburgh New York Stake,New York,Kingston,Kingston 2nd Branch (Spanish),5,1,0.2,2025-07-01
New Jersey Morristown,Newburgh New York Stake,New York,Middletown,Middletown Ward,195,15,0.07692307692307693,2025-07-01
New Jersey Morristown,Newburgh New York Stake,New York,Monticello,Monticello Branch,77,8,0.1038961038961039,2025-07-01
New Jersey Morristown,Newburgh New York Stake,New York,New Paltz,New Paltz Branch,50,8,0.16,2025-07-01
New Jersey Morristown,Newburgh New York Stake,New York,Newburgh,Newburgh 1st Ward,112,18,0.16071428571428573,2025-07-01
New Jersey Morristown,Newburgh New York Stake,New York,Newburgh,Newburgh 2nd Branch (Spanish),63,8,0.12698412698412698,2025-07-01
New Jersey Morristown,Newburgh New York Stake,New York,Poughkeepsie,Poughkeepsie Ward,132,24,0.18181818181818182,2025-07-01
New Jersey Morristown,Newburgh New York Stake,New York,West Point,West Point Ward,10,5,0.5,2025-07-01
New Jersey Morristown,Scotch Plains New Jersey Stake,New Jersey,East Orange,East Orange Branch,,,,2025-07-01
New Jersey Morristown,Scotch Plains New Jersey Stake,New Jersey,Elizabeth,Elizabeth 1st Ward (Spanish),49,29,0.5918367346938775,2025-07-01
New Jersey Morristown,Scotch Plains New Jersey Stake,New Jersey,Elizabeth,Elizabeth 2nd Branch,97,7,0.07216494845360824,2025-07-01
New Jersey Morristown,Scotch Plains New Jersey Stake,New Jersey,Maplewood,Maplewood 1st Ward,416,44,0.10576923076923077,2025-07-01
New Jersey Morristown,Scotch Plains New Jersey Stake,New Jersey,Maplewood,Maplewood 2nd Branch (Spanish),80,24,0.3,2025-07-01
New Jersey Morristown,Scotch Plains New Jersey Stake,New Jersey,Perth Amboy,Perth Amboy Ward (Spanish),130,18,0.13846153846153847,2025-07-01
New Jersey Morristown,Scotch Plains New Jersey Stake,New Jersey,Scotch Plains,Scotch Plains 1st Ward,245,20,0.08163265306122448,2025-07-01
New Jersey Morristown,Scotch Plains New Jersey Stake,New Jersey,Scotch Plains,Scotch Plains 2nd Ward (Spanish),114,22,0.19298245614035087,2025-07-01
New Jersey Morristown,Scotch Plains New Jersey Stake,New Jersey,Short Hills,Short Hills Ward,38,4,0.10526315789473684,2025-07-01
New Jersey Morristown,Soldier Hill New Jersey Stake,New Jersey,Bloomfield,Bloomfield Branch (Spanish),52,8,0.15384615384615385,2025-07-01
New Jersey Morristown,Soldier Hill New Jersey Stake,New Jersey,Caldwell,Caldwell Ward,156,17,0.10897435897435898,2025-07-01
New Jersey Morristown,Soldier Hill New Jersey Stake,New Jersey,Eastside Park,Eastside Park 1st Ward (Spanish),180,17,0.09444444444444444,2025-07-01
New Jersey Morristown,Soldier Hill New Jersey Stake,New Jersey,Eastside Park,Eastside Park 2nd Ward,190,17,0.08947368421052632,2025-07-01
New Jersey Morristown,Soldier Hill New Jersey Stake,New Jersey,Englewood,Englewood 1st Ward,71,15,0.2112676056338028,2025-07-01
New Jersey Morristown,Soldier Hill New Jersey Stake,New Jersey,Englewood,Englewood 2nd Branch (Korean),,,,2025-07-01
New Jersey Morristown,Soldier Hill New Jersey Stake,New Jersey,Englewood,Englewood 3rd Ward (Spanish),39,10,0.2564102564102564,2025-07-01
New Jersey Morristown,Soldier Hill New Jersey Stake,New Jersey,Fardale,Fardale Ward,103,9,0.08737864077669903,2025-07-01
New Jersey Morristown,Soldier Hill New Jersey Stake,New Jersey,New City,New City 1st Ward,65,11,0.16923076923076924,2025-07-01
New Jersey Morristown,Soldier Hill New Jersey Stake,New Jersey,New City,New City 2nd Branch (Spanish),24,3,0.125,2025-07-01
New Jersey Morristown,Soldier Hill New Jersey Stake,New Jersey,Passaic,Passaic Ward (Spanish),129,38,0.29457364341085274,2025-07-01
New Jersey Morristown,Soldier Hill New Jersey Stake,New Jersey,Soldier Hill,Soldier Hill Ward,68,8,0.11764705882352941,2025-07-01
New York New York,Brooklyn New York Stake,New York,Brooklyn,Brooklyn 1st Ward (Spanish),108,25,0.23148148148148148,2025-07-01
New York New York,Brooklyn New York Stake,New York,Brooklyn,Brooklyn 2nd Ward (Spanish),197,48,0.2436548223350254,2025-07-01
New York New York,Brooklyn New York Stake,New York,Brooklyn,Brooklyn 3rd Ward,260,38,0.14615384615384616,2025-07-01
New York New York,Brooklyn New York Stake,New York,Brooklyn,Brooklyn 4th Ward,255,43,0.16862745098039217,2025-07-01
New York New York,Brooklyn New York Stake,New York,Brooklyn,Brooklyn 5th Ward,605,55,0.09090909090909091,2025-07-01
New York New York,Brooklyn New York Stake,New York,Brooklyn,Brooklyn 6th Branch (Haitian-Creole),95,25,0.2631578947368421,2025-07-01
New York New York,Brooklyn New York Stake,New York,Brooklyn,Brooklyn 8th Ward (Mandarin),184,31,0.16847826086956522,2025-07-01
New York New York,Brooklyn New York Stake,New York,Staten Island,Staten Island 1st Ward,206,24,0.11650485436893204,2025-07-01
New York New York,Brooklyn New York Stake,New York,Staten Island,Staten Island 3rd Ward (Spanish),22,6,0.2727272727272727,2025-07-01
New York New York,Fairfield Connecticut Stake,Connecticut,Bridgeport,Bridgeport 2nd Ward (Spanish),,,,2025-07-01
New York New York,Fairfield Connecticut Stake,Connecticut,Darien,Darien Ward,185,22,0.11891891891891893,2025-07-01
New York New York,Fairfield Connecticut Stake,Connecticut,New Canaan,New Canaan Ward,37,5,0.13513513513513514,2025-07-01
New York New York,Fairfield Connecticut Stake,Connecticut,Stamford,Stamford Ward,297,39,0.13131313131313133,2025-07-01
New York New York,Fairfield Connecticut Stake,Connecticut,Stratford,Stratford Ward,215,19,0.08837209302325581,2025-07-01
New York New York,Fairfield Connecticut Stake,Connecticut,Trumbull,Trumbull Ward,295,32,0.10847457627118644,2025-07-01
New York New York,Fairfield Connecticut Stake,Connecticut,Wilton,Wilton Ward,39,4,0.10256410256410256,2025-07-01
New York New York,Lynbrook New York Stake,New York,Flushing,Flushing 1st Branch,100,30,0.3,2025-07-01
New York New York,Lynbrook New York Stake,New York,Flushing,Flushing 2nd Ward (Chinese),571,87,0.15236427320490367,2025-07-01
New York New York,Lynbrook New York Stake,New York,Flushing,Flushing 3rd Branch (Korean),,,,2025-07-01
New York New York,Lynbrook New York Stake,New York,Freeport,Freeport Branch (Spanish),101,15,0.1485148514851485,2025-07-01
New York New York,Lynbrook New York Stake,New York,Jamaica,Jamaica 1st Ward,143,43,0.3006993006993007,2025-07-01
New York New York,Lynbrook New York Stake,New York,Jamaica,Jamaica 2nd Ward (Spanish),157,15,0.09554140127388536,2025-07-01
New York New York,Lynbrook New York Stake,New York,Little Neck,Little Neck Ward,198,12,0.06060606060606061,2025-07-01
New York New York,Lynbrook New York Stake,New York,Lynbrook,Lynbrook Ward,268,37,0.13805970149253732,2025-07-01
New York New York,Lynbrook New York Stake,New York,Mineola,Mineola Branch (Spanish),104,18,0.17307692307692307,2025-07-01
New York New York,New York New York City Mission,New York,Bermuda,Bermuda Branch,40,10,0.25,2025-07-01
New York New York,New York New York Stake,New York,Chinatown,Chinatown Ward (Chinese),114,32,0.2807017543859649,2025-07-01
New York New York,New York New York Stake,New York,Harlem,Harlem 1st Ward,106,37,0.3490566037735849,2025-07-01
New York New York,New York New York Stake,New York,Harlem,Harlem 2nd Ward (Spanish),363,35,0.09641873278236915,2025-07-01
New York New York,New York New York Stake,New York,Inwood,Inwood 1st Ward,157,40,0.25477707006369427,2025-07-01
New York New York,New York New York Stake,New York,Inwood,Inwood 2nd Ward (Spanish),149,42,0.28187919463087246,2025-07-01
New York New York,New York New York Stake,New York,Manhattan,Manhattan 1st Ward,157,36,0.22929936305732485,2025-07-01
New York New York,New York New York Stake,New York,Manhattan,Manhattan 2nd Ward,365,57,0.15616438356164383,2025-07-01
New York New York,New York New York Stake,New York,Manhattan,Manhattan Visitor Branch,2,0,0.0,2025-07-01
New York New York,New York New York Stake,New York,Riverside Park,Riverside Park Ward,141,37,0.2624113475177305,2025-07-01
New York New York,New York New York Stake,New York,Union Square,Union Square 1st Ward,211,34,0.16113744075829384,2025-07-01
New York New York,New York New York Stake,New York,Union Square,Union Square 2nd Branch (Sign Language),168,26,0.15476190476190477,2025-07-01
New York New York,New York New York YSA Stake,New York,Bronx,Bronx YSA Branch,2,0,0.0,2025-07-01
New York New York,New York New York YSA Stake,New York,Hudson River,Hudson River YSA Ward,3,1,0.3333333333333333,2025-07-01
New York New York,New York New York YSA Stake,New York,New York,New York City SA Ward,114,57,0.5,2025-07-01
New York New York,New York New York YSA Stake,New York,Newark,Newark YSA Ward,4,1,0.25,2025-07-01
New York New York,New York New York YSA Stake,New York,Plainview,Plainview YSA Branch,,,,2025-07-01
New York New York,New York New York YSA Stake,New York,Princeton,Princeton YSA Branch,1,0,0.0,2025-07-01
New York New York,New York New York YSA Stake,New York,Queens,Queens YSA Ward,4,1,0.25,2025-07-01
New York New York,New York New York YSA Stake,New York,Union Square,Union Square YSA Ward,,,,2025-07-01
New York New York,New York New York YSA Stake,New York,New York,Waveny Park YSA Ward,,,,2025-07-01
New York New York,New York New York YSA Stake,New York,Yorkville,Yorkville YSA Ward,3,2,0.6666666666666666,2025-07-01
New York New York,Plainview New York Stake,New York,Brentwood,Brentwood Ward (Spanish),262,24,0.0916030534351145,2025-07-01
New York New York,Plainview New York Stake,New York,Patchogue,Patchogue Branch (Spanish),84,19,0.2261904761904762,2025-07-01
New York New York,Plainview New York Stake,New York,Peconic,Peconic Branch (Spanish),41,10,0.24390243902439024,2025-07-01
New York New York,Plainview New York Stake,New York,Plainview,Plainview Ward,374,42,0.11229946524064172,2025-07-01
New York New York,Plainview New York Stake,New York,Riverhead,Riverhead Ward,104,8,0.07692307692307693,2025-07-01
New York New York,Plainview New York Stake,New York,South Shore,South Shore Ward,299,29,0.09698996655518395,2025-07-01
New York New York,Plainview New York Stake,New York,Terryville,Terryville Ward,160,15,0.09375,2025-07-01
New York New York,Plainview New York Stake,New York,Westbury,Westbury Branch (Spanish),121,10,0.08264462809917356,2025-07-01
New York New York,Westchester New York Stake,New York,Concourse,Concourse Ward (Spanish),188,26,0.13829787234042554,2025-07-01
New York New York,Westchester New York Stake,New York,Kingsbridge,Kingsbridge 1st Ward (Spanish),153,31,0.20261437908496732,2025-07-01
New York New York,Westchester New York Stake,New York,Kingsbridge,Kingsbridge 2nd Ward,436,58,0.13302752293577982,2025-07-01
New York New York,Westchester New York Stake,New York,Kingsbridge,Kingsbridge 3rd Ward (Spanish),118,33,0.2796610169491525,2025-07-01
New York New York,Westchester New York Stake,New York,New Rochelle,New Rochelle 1st Ward (Spanish),123,9,0.07317073170731707,2025-07-01
New York New York,Westchester New York Stake,New York,New Rochelle,New Rochelle 2nd Ward,173,27,0.15606936416184972,2025-07-01
New York New York,Westchester New York Stake,New York,Olmstead,Olmstead 1st Ward (Spanish),77,28,0.36363636363636365,2025-07-01
New York New York,Westchester New York Stake,New York,Olmstead,Olmstead 2nd Ward,420,44,0.10476190476190476,2025-07-01
New York New York,Westchester New York Stake,New York,Westchester,Westchester Ward,186,31,0.16666666666666666,2025-07-01
New York New York,Westchester New York Stake,New York,White Plains,White Plains Branch (Spanish),,,,2025-07-01
New York New York,Westchester New York Stake,New York,Yonkers,Yonkers Ward (Spanish),134,41,0.30597014925373134,2025-07-01
New York New York,Westchester New York Stake,New York,Yorktown,Yorktown Ward,169,32,0.1893491124260355,2025-07-01
New York New York,Woodside New York Stake,New York,Astoria,Astoria Ward,359,34,0.0947075208913649,2025-07-01
New York New York,Woodside New York Stake,New York,Rego Park,Rego Park 1st Ward,191,43,0.225130890052356,2025-07-01
New York New York,Woodside New York Stake,New York,Rego Park,Rego Park 2nd Ward (Spanish),57,29,0.5087719298245614,2025-07-01
New York New York,Woodside New York Stake,New York,Richmond Hill,Richmond Hill 3rd Ward (Spanish),95,20,0.21052631578947367,2025-07-01
New York New York,Woodside New York Stake,New York,Rockaway,Rockaway Branch (Spanish),125,21,0.168,2025-07-01
New York New York,Woodside New York Stake,New York,Woodside,Woodside Ward (Spanish),212,23,0.10849056603773585,2025-07-01
Pennsylvania Philadelphia,Cherry Hill New Jersey Stake,New Jersey,Bridgeton,Bridgeton Branch (Spanish),52,8,0.15384615384615385,2025-07-01
Pennsylvania Philadelphia,Cherry Hill New Jersey Stake,New Jersey,Camden,Camden Ward (Spanish),114,17,0.14912280701754385,2025-07-01
Pennsylvania Philadelphia,Cherry Hill New Jersey Stake,New Jersey,Cape May,Cape May Branch,51,16,0.3137254901960784,2025-07-01
Pennsylvania Philadelphia,Cherry Hill New Jersey Stake,New Jersey,Cherry Hill,Cherry Hill 2nd Ward,,,,2025-07-01
Pennsylvania Philadelphia,Cherry Hill New Jersey Stake,New Jersey,Cherry Hill,Cherry Hill Ward,317,40,0.12618296529968454,2025-07-01
Pennsylvania Philadelphia,Cherry Hill New Jersey Stake,New Jersey,Landis,Landis Branch (Spanish),56,7,0.125,2025-07-01
Pennsylvania Philadelphia,Cherry Hill New Jersey Stake,New Jersey,Linwood,Linwood Ward,194,28,0.14432989690721648,2025-07-01
Pennsylvania Philadelphia,Cherry Hill New Jersey Stake,New Jersey,Medford,Medford Ward,78,10,0.1282051282051282,2025-07-01
Pennsylvania Philadelphia,Cherry Hill New Jersey Stake,New Jersey,Moorestown,Moorestown Ward,191,21,0.1099476439790576,2025-07-01
Pennsylvania Philadelphia,Cherry Hill New Jersey Stake,New Jersey,Pennsauken,Pennsauken Branch,196,20,0.10204081632653061,2025-07-01
Pennsylvania Philadelphia,Cherry Hill New Jersey Stake,New Jersey,Sewell,Sewell Ward,154,19,0.12337662337662338,2025-07-01
Pennsylvania Philadelphia,Cherry Hill New Jersey Stake,New Jersey,Vineland,Vineland Ward,244,17,0.06967213114754098,2025-07-01
Pennsylvania Philadelphia,Cherry Hill New Jersey Stake,New Jersey,Woodstown,Woodstown Ward,110,6,0.05454545454545454,2025-07-01
Pennsylvania Philadelphia,Dover Delaware Stake,Delaware,Camden,Camden Ward,130,33,0.25384615384615383,2025-07-01
Pennsylvania Philadelphia,Dover Delaware Stake,Delaware,Dover,Dover Ward,,,,2025-07-01
Pennsylvania Philadelphia,Dover Delaware Stake,Delaware,Harrington,Harrington Ward,160,32,0.2,2025-07-01
Pennsylvania Philadelphia,Dover Delaware Stake,Delaware,Salisbury,Salisbury Ward,278,51,0.18345323741007194,2025-07-01
Pennsylvania Philadelphia,Dover Delaware Stake,Delaware,Seaford,Seaford Ward,219,32,0.1461187214611872,2025-07-01
Pennsylvania Philadelphia,Dover Delaware Stake,Delaware,Smyrna,Smyrna Ward,160,16,0.1,2025-07-01
Pennsylvania Philadelphia,Philadelphia Pennsylvania Stake,Pennsylvania,Doyletown,Doylestown Ward,58,12,0.20689655172413793,2025-07-01
Pennsylvania Philadelphia,Philadelphia Pennsylvania Stake,Pennsylvania,Independence,Independence Ward,301,46,0.15282392026578073,2025-07-01
Pennsylvania Philadelphia,Philadelphia Pennsylvania Stake,Pennsylvania,Jarrettown,Jarrettown Ward,95,14,0.14736842105263157,2025-07-01
Pennsylvania Philadelphia,Philadelphia Pennsylvania Stake,Pennsylvania,Logan,Logan Ward,535,22,0.041121495327102804,2025-07-01
Pennsylvania Philadelphia,Philadelphia Pennsylvania Stake,Pennsylvania,Mayfair,Mayfair Branch (Spanish),30,17,0.5666666666666667,2025-07-01
Pennsylvania Philadelphia,Philadelphia Pennsylvania Stake,Pennsylvania,Morrisville,Morrisville Ward,120,17,0.14166666666666666,2025-07-01
Pennsylvania Philadelphia,Philadelphia Pennsylvania Stake,Pennsylvania,Pennypack,Pennypack Ward,122,23,0.1885245901639344,2025-07-01
Pennsylvania Philadelphia,Philadelphia Pennsylvania Stake,Pennsylvania,Souderton,Souderton Ward,89,13,0.14606741573033707,2025-07-01
Pennsylvania Philadelphia,Philadelphia Pennsylvania Stake,Pennsylvania,Tioga,Tioga Branch (Spanish),106,17,0.16037735849056603,2025-07-01
Pennsylvania Philadelphia,Reading Pennsylvania Stake,Pennsylvania,Allentown,Allentown Ward (Spanish),86,20,0.23255813953488372,2025-07-01
Pennsylvania Philadelphia,Reading Pennsylvania Stake,Pennsylvania,Bethlehem,Bethlehem Ward,132,13,0.09848484848484848,2025-07-01
Pennsylvania Philadelphia,Reading Pennsylvania Stake,Pennsylvania,Exeter,Exeter Ward,174,17,0.09770114942528736,2025-07-01
Pennsylvania Philadelphia,Reading Pennsylvania Stake,Pennsylvania,Milford,Milford Ward,91,14,0.15384615384615385,2025-07-01
Pennsylvania Philadelphia,Reading Pennsylvania Stake,Pennsylvania,Pottstown,Pottstown Ward,167,29,0.17365269461077845,2025-07-01
Pennsylvania Philadelphia,Reading Pennsylvania Stake,Pennsylvania,Pottsville,Pottsville Branch,89,15,0.16853932584269662,2025-07-01
Pennsylvania Philadelphia,Reading Pennsylvania Stake,Pennsylvania,Reading,Reading 1st Ward,198,31,0.15656565656565657,2025-07-01
Pennsylvania Philadelphia,Reading Pennsylvania Stake,Pennsylvania,Reading,Reading 3rd Ward (Spanish),126,22,0.1746031746031746,2025-07-01
Pennsylvania Philadelphia,Reading Pennsylvania Stake,Pennsylvania,Whitehall,Whitehall Ward,220,31,0.1409090909090909,2025-07-01
Pennsylvania Philadelphia,Scranton Pennsylvania Stake,Pennsylvania,Clarks Summit,Clarks Summit Branch,52,7,0.1346153846153846,2025-07-01
Pennsylvania Philadelphia,Scranton Pennsylvania Stake,Pennsylvania,Easton,Easton Ward,147,24,0.16326530612244897,2025-07-01
Pennsylvania Philadelphia,Scranton Pennsylvania Stake,Pennsylvania,Hazleton,Hazleton Branch (Spanish),68,8,0.11764705882352941,2025-07-01
Pennsylvania Philadelphia,Scranton Pennsylvania Stake,Pennsylvania,Lehighton,Lehighton Branch,121,17,0.14049586776859505,2025-07-01
Pennsylvania Philadelphia,Scranton Pennsylvania Stake,Pennsylvania,Montrose,Montrose Branch,36,6,0.16666666666666666,2025-07-01
Pennsylvania Philadelphia,Scranton Pennsylvania Stake,Pennsylvania,Nazareth,Nazareth Ward,30,7,0.23333333333333334,2025-07-01
Pennsylvania Philadelphia,Scranton Pennsylvania Stake,Pennsylvania,Scranton,Scranton 1st Ward,268,24,0.08955223880597014,2025-07-01
Pennsylvania Philadelphia,Scranton Pennsylvania Stake,Pennsylvania,Scranton,Scranton 2nd Branch (Spanish),34,7,0.20588235294117646,2025-07-01
Pennsylvania Philadelphia,Scranton Pennsylvania Stake,Pennsylvania,Stroudsburg,Stroudsburg 1st Ward,95,10,0.10526315789473684,2025-07-01
Pennsylvania Philadelphia,Scranton Pennsylvania Stake,Pennsylvania,Stroudsburg,Stroudsburg 2nd Ward,86,13,0.1511627906976744,2025-07-01
Pennsylvania Philadelphia,Scranton Pennsylvania Stake,Pennsylvania,Stroudsburg,Stroudsburg 3rd Branch (Spanish),16,2,0.125,2025-07-01
Pennsylvania Philadelphia,Scranton Pennsylvania Stake,Pennsylvania,Susquehanna,Susquehanna Branch,44,10,0.22727272727272727,2025-07-01
Pennsylvania Philadelphia,Scranton Pennsylvania Stake,Pennsylvania,Wilkes-Barre,Wilkes-Barre Ward,226,19,0.084070796460177,2025-07-01
Pennsylvania Philadelphia,Valley Forge Pennsylvania Stake,Pennsylvania,Broomall,Broomall Ward,73,30,0.410958904109589,2025-07-01
Pennsylvania Philadelphia,Valley Forge Pennsylvania Stake,Pennsylvania,Downingtown,Downingtown Ward,99,13,0.13131313131313133,2025-07-01
Pennsylvania Philadelphia,Valley Forge Pennsylvania Stake,Pennsylvania,Philadelphia,Philadelphia 1st Ward,182,28,0.15384615384615385,2025-07-01
Pennsylvania Philadelphia,Valley Forge Pennsylvania Stake,Pennsylvania,Philadelphia,Philadelphia 4th Ward,249,41,0.1646586345381526,2025-07-01
Pennsylvania Philadelphia,Valley Forge Pennsylvania Stake,Pennsylvania,Philadelphia,Philadelphia YSA Ward,2,2,1.0,2025-07-01
Pennsylvania Philadelphia,Valley Forge Pennsylvania Stake,Pennsylvania,Philadelphia,South Philadelphia Ward,114,20,0.17543859649122806,2025-07-01
Pennsylvania Philadelphia,Valley Forge Pennsylvania Stake,Pennsylvania,Valley Forge,Valley Forge 1st Ward,133,18,0.13533834586466165,2025-07-01
Pennsylvania Philadelphia,Valley Forge Pennsylvania Stake,Pennsylvania,Valley Forge,Valley Forge 2nd Ward,84,25,0.2976190476190476,2025-07-01
Pennsylvania Philadelphia,Valley Forge Pennsylvania Stake,Pennsylvania,West Chester,West Chester Ward,104,15,0.14423076923076922,2025-07-01
Pennsylvania Philadelphia,Valley Forge Pennsylvania Stake,Pennsylvania,Winder,Widener Ward,163,19,0.1165644171779141,2025-07-01
Pennsylvania Philadelphia,Wilmington Delaware Stake,Delaware,Bayview,Bayview Ward,125,25,0.2,2025-07-01
Pennsylvania Philadelphia,Wilmington Delaware Stake,Delaware,Newark,Newark 1st Ward,108,18,0.16666666666666666,2025-07-01
Pennsylvania Philadelphia,Wilmington Delaware Stake,Delaware,Newark,Newark 2nd Ward,,,,2025-07-01
Pennsylvania Philadelphia,Wilmington Delaware Stake,Delaware,Newark,Newark 3rd Ward,161,29,0.18012422360248448,2025-07-01
Pennsylvania Philadelphia,Wilmington Delaware Stake,Delaware,Newark,Newark YSA Branch,,,,2025-07-01
Pennsylvania Philadelphia,Wilmington Delaware Stake,Delaware,Wilmington,Wilmington 1st Ward,77,23,0.2987012987012987,2025-07-01
Pennsylvania Philadelphia,Wilmington Delaware Stake,Delaware,Wilmington,Wilmington 2nd Ward,126,28,0.2222222222222222,2025-07-01
Pennsylvania Philadelphia,Wilmington Delaware Stake,Delaware,Wilmington,Wilmington 3rd Ward (Spanish),70,12,0.17142857142857143,2025-07-01
Washington DC North,Annapolis Maryland Stake,Maryland,Annapolis,Annapolis Ward,92,9,0.09782608695652174,2025-07-01
Washington DC North,Annapolis Maryland Stake,Maryland,Broadneck,Broadneck Ward,78,28,0.358974358974359,2025-07-01
Washington DC North,Annapolis Maryland Stake,Maryland,Brooklyn Park,Brooklyn Park Branch,,,,2025-07-01
Washington DC North,Annapolis Maryland Stake,Maryland,Fort Meade,Fort Meade Ward,98,12,0.12244897959183673,2025-07-01
Washington DC North,Annapolis Maryland Stake,Maryland,Glen Burnie,Glen Burnie Ward,195,16,0.08205128205128205,2025-07-01
Washington DC North,Annapolis Maryland Stake,Maryland,Kent Island,Kent Island Branch,104,8,0.07692307692307693,2025-07-01
Washington DC North,Annapolis Maryland Stake,Maryland,Odenton,Odenton Ward,69,13,0.18840579710144928,2025-07-01
Washington DC North,Annapolis Maryland Stake,Maryland,Pasedena,Pasadena Ward,165,15,0.09090909090909091,2025-07-01
Washington DC North,Annapolis Maryland Stake,Maryland,Rivera Beach,Riviera Beach Branch (Spanish),11,2,0.18181818181818182,2025-07-01
Washington DC North,Annapolis Maryland Stake,Maryland,Spa Creek,Spa Creek Branch (Spanish),20,4,0.2,2025-07-01
Washington DC North,Seneca Maryland Stake,Maryland,Derwood,Derwood Ward,63,25,0.3968253968253968,2025-07-01
Washington DC North,Seneca Maryland Stake,Maryland,Gaithersburg,Gaithersburg Ward (Spanish),126,31,0.24603174603174602,2025-07-01
Washington DC North,Seneca Maryland Stake,Maryland,Germantown,Germantown Ward,127,29,0.2283464566929134,2025-07-01
Washington DC North,Seneca Maryland Stake,Maryland,Kentlands,Kentlands Ward,47,12,0.2553191489361702,2025-07-01
Washington DC North,Seneca Maryland Stake,Maryland,Montgomery,Montgomery Branch (Mandarin),30,8,0.26666666666666666,2025-07-01
Washington DC North,Seneca Maryland Stake,Maryland,Montgomery,Montgomery Village Ward,112,27,0.24107142857142858,2025-07-01
Washington DC North,Seneca Maryland Stake,Maryland,Seneca,Seneca Ward,69,21,0.30434782608695654,2025-07-01
Washington DC North,Silver Spring Maryland Stake,Maryland,Aspen Hill,Aspen Hill Ward (Spanish),61,15,0.2459016393442623,2025-07-01
Washington DC North,Silver Spring Maryland Stake,Maryland,Carrollton,Carrollton Ward,139,22,0.15827338129496402,2025-07-01
Washington DC North,Silver Spring Maryland Stake,Maryland,College Park,College Park Ward,256,36,0.140625,2025-07-01
Washington DC North,Silver Spring Maryland Stake,Maryland,Lanham,Lanham Ward (Spanish),32,15,0.46875,2025-07-01
Washington DC North,Silver Spring Maryland Stake,Maryland,Laurel,Laurel 1st Ward,203,18,0.08866995073891626,2025-07-01
Washington DC North,Silver Spring Maryland Stake,Maryland,Laurel,Laurel 2nd Branch (Spanish),29,13,0.4482758620689655,2025-07-01
Washington DC North,Silver Spring Maryland Stake,Maryland,Olney,Olney Ward,155,24,0.15483870967741936,2025-07-01
Washington DC North,Silver Spring Maryland Stake,Maryland,Silver Spring,Silver Spring Ward (Spanish),125,14,0.112,2025-07-01
Washington DC North,Silver Spring Maryland Stake,Maryland,Takoma Park,Takoma Park Branch (French),78,20,0.2564102564102564,2025-07-01
Washington DC North,Silver Spring Maryland Stake,Maryland,White Oak,White Oak Ward,139,32,0.2302158273381295,2025-07-01
Washington DC North,Suitland Maryland Stake,Maryland,Bayside,Bayside Ward,87,12,0.13793103448275862,2025-07-01
Washington DC North,Suitland Maryland Stake,Maryland,Bowie,Bowie Ward,110,34,0.3090909090909091,2025-07-01
Washington DC North,Suitland Maryland Stake,Maryland,Calvert,Calvert Ward,111,16,0.14414414414414414,2025-07-01
Washington DC North,Suitland Maryland Stake,Maryland,Suitland,Capitol Ward,262,43,0.16412213740458015,2025-07-01
Washington DC North,Suitland Maryland Stake,Maryland,Lexington Park,Lexington Park Ward,140,17,0.12142857142857143,2025-07-01
Washington DC North,Suitland Maryland Stake,Maryland,Patuxent,Patuxent Ward,99,21,0.21212121212121213,2025-07-01
Washington DC North,Suitland Maryland Stake,Maryland,Suitland,Suitland Branch (Spanish),33,10,0.30303030303030304,2025-07-01
Washington DC North,Suitland Maryland Stake,Maryland,White Plains,White Plains Ward,145,29,0.2,2025-07-01
Washington DC North,Washington DC Stake,Washington DC,Bethesda,Bethesda Ward,96,23,0.23958333333333334,2025-07-01
Washington DC North,Washington DC Stake,Washington DC,Capital Hill,Capitol Hill Ward,445,54,0.12134831460674157,2025-07-01
Washington DC North,Washington DC Stake,Washington DC,Chevy Chase,Chevy Chase Ward,64,41,0.640625,2025-07-01
Washington DC North,Washington DC Stake,Washington DC,Kensington,Kensington Ward,93,17,0.1827956989247312,2025-07-01
Washington DC North,Washington DC Stake,Washington DC,Mount Pleasant,Mount Pleasant Ward (Spanish),98,16,0.16326530612244897,2025-07-01
Washington DC North,Washington DC Stake,Virginia,Arlington,Potomac Ward,102,28,0.27450980392156865,2025-07-01
Washington DC North,Washington DC Stake,Maryland,Rockville,Rockville Ward,176,15,0.08522727272727272,2025-07-01
Washington DC North,Washington DC Stake,Washington DC,Washington DC,Washington DC 1st Ward (Spanish),63,28,0.4444444444444444,2025-07-01
Washington DC North,Washington DC Stake,Washington DC,Washington DC,Washington DC 3rd Ward,257,51,0.19844357976653695,2025-07-01
Washington DC North,Washington DC Stake,Washington DC,Washington DC,Washington DC Branch (Sign Language),36,13,0.3611111111111111,2025-07-01
Washington DC North,Washington DC YSA North Stake,Washington DC,Annapolis,Annapolis YSA Branch,2,1,0.5,2025-07-01
Washington DC North,Washington DC YSA North Stake,Washington DC,Eastern Market,Eastern Market YSA Ward,1,1,1.0,2025-07-01
Washington DC North,Washington DC YSA North Stake,Washington DC,Strathmore,Strathmore YSA Ward,2,2,1.0,2025-07-01
Washington DC North,Washington DC YSA North Stake,Washington DC,Suiland,Suitland YSA Ward,27,0,0.0,2025-07-01
Washington DC North,Washington DC YSA North Stake,Washington DC,University Park,University Park YSA Branch,2,2,1.0,2025-07-01
Washington DC South,Annandale Virginia Stake,Virginia,Annandale,Annandale Ward,158,26,0.16455696202531644,2025-07-01
Washington DC South,Annandale Virginia Stake,Virginia,Burke,Burke Ward,40,14,0.35,2025-07-01
Washington DC South,Annandale Virginia Stake,Virginia,Fairfax,Fairfax Ward,49,15,0.30612244897959184,2025-07-01
Washington DC South,Annandale Virginia Stake,Virginia,Lincolnia,Lincolnia Ward,131,28,0.21374045801526717,2025-07-01
Washington DC South,Annandale Virginia Stake,Virginia,Annandale,Little River Ward (Spanish),149,36,0.24161073825503357,2025-07-01
Washington DC South,Annandale Virginia Stake,Virginia,Rolling Valley,Rolling Valley Ward,44,11,0.25,2025-07-01
Washington DC South,Annandale Virginia Stake,Virginia,Springfield,Springfield Ward,64,10,0.15625,2025-07-01
Washington DC South,Annandale Virginia Stake,Virginia,Wakefield,Wakefield Ward,96,16,0.16666666666666666,2025-07-01
Washington DC South,Brambleton Virginia Stake,Virginia,Algonkian,Algonkian Ward,69,20,0.2898550724637681,2025-07-01
Washington DC South,Brambleton Virginia Stake,Virginia,Ashburn,Ashburn Ward,105,22,0.20952380952380953,2025-07-01
Washington DC South,Brambleton Virginia Stake,Virginia,Brambleton,Brambleton Ward,67,12,0.1791044776119403,2025-07-01
Washington DC South,Brambleton Virginia Stake,Virginia,Boroadlands,Broadlands Ward,41,5,0.12195121951219512,2025-07-01
Washington DC South,Brambleton Virginia Stake,Virginia,Loudoun,Loudoun Branch (Spanish),51,19,0.37254901960784315,2025-07-01
Washington DC South,Brambleton Virginia Stake,Virginia,Sterling Park,Sterling Park Ward,57,11,0.19298245614035087,2025-07-01
Washington DC South,Brambleton Virginia Stake,Virginia,Tall Cedars,Tall Cedars Ward,56,14,0.25,2025-07-01
Washington DC South,Centreville Virginia Stake,Virginia,Centreville,Centreville 1st Ward,40,10,0.25,2025-07-01
Washington DC South,Centreville Virginia Stake,Virginia,Centreville,Centreville 2nd Ward,38,15,0.39473684210526316,2025-07-01
Washington DC South,Centreville Virginia Stake,Virginia,Chantilly,Chantilly Ward,65,13,0.2,2025-07-01
Washington DC South,Centreville Virginia Stake,Virginia,Clifton,Clifton Ward,59,20,0.3389830508474576,2025-07-01
Washington DC South,Centreville Virginia Stake,Virginia,Cub Run,Cub Run Branch (Spanish),40,15,0.375,2025-07-01
Washington DC South,Centreville Virginia Stake,Virginia,Fair Oaks,Fair Oaks Ward,52,16,0.3076923076923077,2025-07-01
Washington DC South,Centreville Virginia Stake,Virginia,Manassas,Manassas 1st Ward,99,23,0.23232323232323232,2025-07-01
Washington DC South,Centreville Virginia Stake,Virginia,Manassas,Manassas 2nd Ward,101,25,0.24752475247524752,2025-07-01
Washington DC South,Centreville Virginia Stake,Virginia,Sudley,Sudley Ward (Spanish),56,9,0.16071428571428573,2025-07-01
Washington DC South,Centreville Virginia Stake,Virginia,Twin Lakes,Twin Lakes Branch (Chinese),17,11,0.6470588235294118,2025-07-01
Washington DC South,Gainesville Virginia Stake,Virginia,Auburn,Auburn Ward,51,11,0.21568627450980393,2025-07-01
Washington DC South,Gainesville Virginia Stake,Virginia,Gainesville,Gainesville Ward,39,13,0.3333333333333333,2025-07-01
Washington DC South,Gainesville Virginia Stake,Virginia,Haymarket,Haymarket Ward,36,5,0.1388888888888889,2025-07-01
Washington DC South,Gainesville Virginia Stake,Virginia,Opal,Opal Ward,58,17,0.29310344827586204,2025-07-01
Washington DC South,Gainesville Virginia Stake,Virginia,South Riding,South Riding Ward,,,,2025-07-01
Washington DC South,Gainesville Virginia Stake,Virginia,Vint Hill,Vint Hill Ward,42,7,0.16666666666666666,2025-07-01
Washington DC South,Gainesville Virginia Stake,Virginia,Warrenton,Warrenton Ward,71,23,0.323943661971831,2025-07-01
Washington DC South,Gainesville Virginia Stake,Virginia,Wellington,Wellington Ward,,,,2025-07-01
Washington DC South,Leesburg Virginia Stake,Virginia,Belmont Ridge,Belmont Ridge Ward,37,6,0.16216216216216217,2025-07-01
Washington DC South,Leesburg Virginia Stake,Virginia,Goose Creek,Goose Creek Ward,63,14,0.2222222222222222,2025-07-01
Washington DC South,Leesburg Virginia Stake,Virginia,Leesburg,Leesburg Ward,27,10,0.37037037037037035,2025-07-01
Washington DC South,Leesburg Virginia Stake,Virginia,Leesburg,Potomac Crossing Ward,55,8,0.14545454545454545,2025-07-01
Washington DC South,Leesburg Virginia Stake,Virginia,Short Hill,Short Hill Ward,62,13,0.20967741935483872,2025-07-01
Washington DC South,Leesburg Virginia Stake,Virginia,Leesburg,Telegraph Springs Ward,64,9,0.140625,2025-07-01
Washington DC South,McLean Virginia Stake,Virginia,Arlington,Arlington 1st Ward,142,26,0.18309859154929578,2025-07-01
Washington DC South,McLean Virginia Stake,Virginia,Arlington,Arlington 2nd Ward,102,26,0.2549019607843137,2025-07-01
Washington DC South,McLean Virginia Stake,Virginia,Bella Vista,Bella Vista Ward (Spanish),100,24,0.24,2025-07-01
Washington DC South,McLean Virginia Stake,Virginia,Falls Church,Falls Church 1st Ward,75,21,0.28,2025-07-01
Washington DC South,McLean Virginia Stake,Virginia,Falls Church,Falls Church 2nd Branch (Persian),6,2,0.3333333333333333,2025-07-01
Washington DC South,McLean Virginia Stake,Virginia,Great Falls,Great Falls Ward,50,12,0.24,2025-07-01
Washington DC South,McLean Virginia Stake,Virginia,Idylwood,Idylwood Ward,79,26,0.3291139240506329,2025-07-01
Washington DC South,McLean Virginia Stake,Virginia,McLean,McLean Ward,38,14,0.3684210526315789,2025-07-01
Washington DC South,McLean Virginia Stake,Virginia,Tysons,Tysons Ward,46,10,0.21739130434782608,2025-07-01
Washington DC South,Mount Vernon Virginia Stake,Virginia,Alexandria,Alexandria  1st Ward,121,43,0.35537190082644626,2025-07-01
Washington DC South,Mount Vernon Virginia Stake,Virginia,Alexandria,Alexandria  2nd Ward,102,33,0.3235294117647059,2025-07-01
Washington DC South,Mount Vernon Virginia Stake,Virginia,Arlington,Arlington Ridge Ward,135,53,0.3925925925925926,2025-07-01
Washington DC South,Mount Vernon Virginia Stake,Virginia,Fort Belvoir,Fort Belvoir Ward,27,8,0.2962962962962963,2025-07-01
Washington DC South,Mount Vernon Virginia Stake,Virginia,Franconia,Franconia Ward,,,,2025-07-01
Washington DC South,Mount Vernon Virginia Stake,Virginia,Huntley Meadows,Huntley Meadows Ward,152,25,0.16447368421052633,2025-07-01
Washington DC South,Mount Vernon Virginia Stake,Virginia,Kingstowne,Kingstowne Ward,102,28,0.27450980392156865,2025-07-01
Washington DC South,Mount Vernon Virginia Stake,Virginia,Mount Vernon,Mount Vernon Ward,95,20,0.21052631578947367,2025-07-01
Washington DC South,Mount Vernon Virginia Stake,Virginia,Alexandria,Old Town Ward (Spanish),65,28,0.4307692307692308,2025-07-01
Washington DC South,Mount Vernon Virginia Stake,Virginia,Mount Vernon,Potomac SA 2nd Ward,,,,2025-07-01
Washington DC South,Mount Vernon Virginia Stake,Virginia,Mount Vernon,Potomac SA Ward,139,97,0.697841726618705,2025-07-01
Washington DC South,Mount Vernon Virginia Stake,Virginia,Shirlington,Shirlington Ward,,,,2025-07-01
Washington DC South,Oakton Virginia Stake,Virginia,Oakton,Franklin Ward,89,14,0.15730337078651685,2025-07-01
Washington DC South,Oakton Virginia Stake,Virginia,Herndon,Herndon Ward,59,17,0.288135593220339,2025-07-01
Washington DC South,Oakton Virginia Stake,Virginia,Oak Marr,Oak Marr Ward,59,29,0.4915254237288136,2025-07-01
Washington DC South,Oakton Virginia Stake,Virginia,Oakton,Oakton Ward,48,14,0.2916666666666667,2025-07-01
Washington DC South,Oakton Virginia Stake,Virginia,Reston,Reston Ward,98,28,0.2857142857142857,2025-07-01
Washington DC South,Oakton Virginia Stake,Virginia,Spring Lake,Spring Lake Ward (Spanish),35,25,0.7142857142857143,2025-07-01
Washington DC South,Oakton Virginia Stake,Virginia,Vienna,Vienna Ward,33,6,0.18181818181818182,2025-07-01
Washington DC South,Washington DC YSA South Stake,Virginia,Manassas,Bull Run YSA Ward,1,1,1.0,2025-07-01
Washington DC South,Washington DC YSA South Stake,Virginia,Arlington,Pentagon City YSA Ward,1,1,1.0,2025-07-01
Washington DC South,Washington DC YSA South Stake,Virginia,Arlington,Potomac Yard YSA Ward,3,3,1.0,2025-07-01
Washington DC South,Woodbridge Virginia Stake,Virginia,Bristow,Bristow Ward,52,7,0.1346153846153846,2025-07-01
Washington DC South,Woodbridge Virginia Stake,Virginia,Dale City,Dale City Ward,52,10,0.19230769230769232,2025-07-01
Washington DC South,Woodbridge Virginia Stake,Virginia,Lake Ridge,Lake Ridge 1st Ward,47,13,0.2765957446808511,2025-07-01
Washington DC South,Woodbridge Virginia Stake,Virginia,Lake Ridge,Lake Ridge 2nd Ward,39,7,0.1794871794871795,2025-07-01
Washington DC South,Woodbridge Virginia Stake,Virginia,Occoquan,Occoquan River Ward (Spanish),59,9,0.15254237288135594,2025-07-01
Washington DC South,Woodbridge Virginia Stake,Virginia,Woodbridge,Potomac River Ward (Spanish),91,10,0.10989010989010989,2025-07-01
Washington DC South,Woodbridge Virginia Stake,Virginia,Prince William,Prince William Ward,44,6,0.13636363636363635,2025-07-01
Washington DC South,Woodbridge Virginia Stake,Virginia,Quantico,Quantico Ward,88,17,0.19318181818181818,2025-07-01
Washington DC South,Woodbridge Virginia Stake,Virginia,Woodbridge,Woodbridge 1st Ward,74,15,0.20270270270270271,2025-07-01
Washington DC South,Woodbridge Virginia Stake,Virginia,Woodbridge,Woodbridge 2nd Ward,66,15,0.22727272727272727,2025-07-01
